cluster,count,weight_sum,pos_rate,pos_rate_weighted
0,17466,31130885.73,0.0870262223748998,0.08837330372996105
1,15157,27827782.65,0.0009896417496866134,0.0008471512192150889
2,75367,133522982.52,0.119455464593257,0.12109108518137075
3,3797,6859469.81,0.30471424809059783,0.30688266415739207
4,40327,68826895.83,0.01703573288367595,0.017333870075250203
5,47409,79077875.93,0.0,0.0
